Average of latency,Column Labels,,,
Row Labels,1,2,3,Grand Total
16450064920,248.28125,,,248.28125
16450064922,39.2962963,,,39.2962963
16450064923,49.42857143,,,49.42857143
16450064924,29.26728111,,,29.26728111
16450064925,28.52054795,,,28.52054795
16450064926,31.30414747,,,31.30414747
16450064927,38.98235294,,,38.98235294
16450064928,28.78217822,,,28.78217822
16450064929,30.74038462,,,30.74038462
16450064930,26.62025316,,,26.62025316
16450064931,39.50920245,,,39.50920245
16450064932,30.80454545,,,30.80454545
16450064933,27.79908676,,,27.79908676
16450064934,28.99578059,,,28.99578059
16450064935,29.52475248,,,29.52475248
16450064936,29.42009132,,,29.42009132
16450064937,29.93457944,,,29.93457944
16450064938,33.7753304,,,33.7753304
16450064939,33.2721519,,,33.2721519
16450064940,27.7079646,,,27.7079646
16450064941,47.43209877,,,47.43209877
16450064942,35.18045113,,,35.18045113
16450064943,26.70588235,,,26.70588235
16450064944,26.17886179,,,26.17886179
16450064945,35.84571429,,,35.84571429
16450064946,36.85294118,,,36.85294118
16450064947,28.58158996,,,28.58158996
16450064948,28.41706161,,,28.41706161
16450064949,28.27586207,,,28.27586207
16450064950,30.53917051,,,30.53917051
16450064951,29.45145631,,,29.45145631
16450064952,27.73728814,,,27.73728814
16450064953,31.69668246,,,31.69668246
16450064954,30.37264151,,,30.37264151
16450064955,33.40828402,,,33.40828402
16450064956,26.48837209,,,26.48837209
16450064957,26.49173554,,,26.49173554
16450064958,27.84259259,,,27.84259259
16450064959,26.72289157,,,26.72289157
16450064960,26.95175439,,,26.95175439
16450064961,26.17928287,,,26.17928287
16450064962,30.2970297,,,30.2970297
16450064963,27.67871486,,,27.67871486
16450064964,35.38829787,,,35.38829787
16450064965,29.84343434,,,29.84343434
16450064966,34.64705882,,,34.64705882
16450064967,27.99115044,,,27.99115044
16450064968,28.39737991,,,28.39737991
16450064969,29.5399061,,,29.5399061
16450064970,30.35294118,,,30.35294118
16450064971,31.3744856,,,31.3744856
16450064972,26.92682927,,,26.92682927
16450064973,37.61734694,,,37.61734694
16450064974,29.53333333,,,29.53333333
16450064975,27.13953488,,,27.13953488
16450064976,28.12552301,,,28.12552301
16450064977,27.35390947,,,27.35390947
16450064978,26.2760181,,,26.2760181
16450064979,26.14173228,,,26.14173228
16450064980,32.81283422,,,32.81283422
16450064981,29.33474576,,,29.33474576
16450064982,30.94270833,,,30.94270833
16450064983,29.61261261,,,29.61261261
16450064984,30.09952607,,,30.09952607
16450064985,26.64016736,,,26.64016736
16450064986,26.76326531,,,26.76326531
16450064987,26.61403509,,,26.61403509
16450064988,34.89247312,,,34.89247312
16450064989,28.53418803,,,28.53418803
16450064990,33.49230769,,,33.49230769
16450064991,27.66203704,,,27.66203704
16450064992,34.45652174,,,34.45652174
16450064993,28.18297872,,,28.18297872
16450064994,27.55603448,,,27.55603448
16450064995,31.77358491,,,31.77358491
16450064996,34.65536723,,,34.65536723
16450064997,29.01485149,,,29.01485149
16450064998,27.53012048,,,27.53012048
16450064999,28.75770925,,,28.75770925
16450065000,28.05829596,,,28.05829596
16450065001,29.41484716,,,29.41484716
16450065002,29.58685446,,,29.58685446
16450065003,27.42731278,,,27.42731278
16450065004,31.63709677,,,31.63709677
16450065005,34.03804348,,,34.03804348
16450065006,29.47093023,,,29.47093023
16450065007,27.76521739,,,27.76521739
16450065008,29.92682927,,,29.92682927
16450065009,30.47752809,,,30.47752809
16450065010,25.88211382,,,25.88211382
16450065011,45.52857143,,,45.52857143
16450065012,43.28571429,,,43.28571429
16450065013,31.76097561,,,31.76097561
16450065014,28.06086957,,,28.06086957
16450065015,35.46242775,,,35.46242775
16450065016,28.87603306,,,28.87603306
16450065017,29.41935484,,,29.41935484
16450065018,29.18666667,,,29.18666667
16450065019,28.50236967,,,28.50236967
16450065020,26.15936255,,,26.15936255
16450065021,27.04201681,,,27.04201681
16450065022,26.82608696,,,26.82608696
16450065023,42.22222222,,,42.22222222
16450065024,32.09,,,32.09
16450065025,30.40990991,,,30.40990991
16450065026,28.68181818,,,28.68181818
16450065027,35.06666667,,,35.06666667
16450065028,27.2020202,,,27.2020202
16450065029,26.98780488,,,26.98780488
16450065030,33.7431694,,,33.7431694
16450065031,27.66666667,,,27.66666667
16450065032,39.34899329,,,39.34899329
16450065033,28.4,,,28.4
16450065034,35.8423913,,,35.8423913
16450065035,33.26630435,,,33.26630435
16450065036,34.18695652,,,34.18695652
16450065037,45.02189781,,,45.02189781
16450065038,29.15343915,,,29.15343915
16450065039,39.58940397,,,39.58940397
16450065040,33.29338843,,,33.29338843
16450065041,29.33928571,,,29.33928571
16450065042,32.96341463,,,32.96341463
16450065043,36.68548387,,,36.68548387
16450065044,26.73029046,,,26.73029046
16450065045,27.26122449,,,27.26122449
16450065046,29.17511521,,,29.17511521
16450065047,28.18348624,,,28.18348624
16450065048,29.10087719,,,29.10087719
16450065049,35.25,,,35.25
16450065050,27.70434783,,,27.70434783
16450065051,28.00462963,,,28.00462963
16450065052,26.10852713,,,26.10852713
16450065053,27.84120172,,,27.84120172
16450065054,27.23788546,,,27.23788546
16450065055,33.36190476,,,33.36190476
16450065056,30.23529412,,,30.23529412
16450065057,27.78008299,,,27.78008299
16450065058,31.51741294,,,31.51741294
16450065059,30.5270936,,,30.5270936
16450065060,29.92792793,,,29.92792793
16450065061,26.77732794,,,26.77732794
16450065062,26.43103448,,,26.43103448
16450065063,26.58995816,,,26.58995816
16450065064,25.92561983,,,25.92561983
16450065065,29.1125,,,29.1125
16450065066,27.59388646,,,27.59388646
16450065067,26.3632287,,,26.3632287
16450065068,39.10382514,,,39.10382514
16450065069,39.22292994,,,39.22292994
16450065070,27.02690583,,,27.02690583
16450065071,28.89830508,,,28.89830508
16450065072,41.74305556,,,41.74305556
16450065073,35.81034483,,,35.81034483
16450065074,30.07009346,,,30.07009346
16450065075,28.11206897,,,28.11206897
16450065076,27.55737705,,,27.55737705
16450065077,27.99029126,,,27.99029126
16450065078,26.65612648,,,26.65612648
16450065079,35.22459893,,,35.22459893
16450065080,34.66486486,,,34.66486486
16450065081,27.29130435,,,27.29130435
16450065082,41.48,,,41.48
16450065083,49.44354839,,,49.44354839
16450065084,35.17647059,,,35.17647059
16450065085,26.49545455,,,26.49545455
16450065086,28.01229508,,,28.01229508
16450065087,28.06696429,,,28.06696429
16450065088,28.01339286,,,28.01339286
16450065089,27.30869565,,,27.30869565
16450065090,33.87,,,33.87
16450065091,26.22362869,,,26.22362869
16450065092,26.74180328,,,26.74180328
16450065093,27.50446429,,,27.50446429
16450065094,29.37068966,,,29.37068966
16450065095,33.53157895,,,33.53157895
16450065096,26.37711864,,,26.37711864
16450065097,26.93506494,,,26.93506494
16450065098,26.49785408,,,26.49785408
16450065099,26.03529412,,,26.03529412
16450065100,27.40254237,,,27.40254237
16450065101,29.48815166,,,29.48815166
16450065102,34.02116402,,,34.02116402
16450065103,30.63876652,,,30.63876652
16450065104,29.46511628,,,29.46511628
16450065105,27.66818182,,,27.66818182
16450065106,31.03108808,,,31.03108808
16450065107,28.67567568,,,28.67567568
16450065108,26.67164179,,,26.67164179
16450065109,45.06896552,80.31020408,,68.98614958
16450065110,83.35211268,90.99278846,,89.8788501
16450065111,98.48484848,72.48442907,,75.14906832
16450065112,68.83333333,63.75415282,,64.12923077
16450065113,65.375,69.95904437,,69.72168285
16450065114,69.38461538,67.89602446,,67.95294118
16450065115,77,78.90251572,,78.86728395
16450065116,76.75,77.48051948,,77.47115385
16450065117,78.66666667,77.99713467,,78.00284091
16450065118,81,82.40133779,,82.39666667
16450065119,,78.05063291,,78.05063291
16450065120,,78.73731343,,78.73731343
16450065121,,78.05471125,,78.05471125
16450065122,,76.61212121,,76.61212121
16450065123,,81.37421384,,81.37421384
16450065124,,78.428125,,78.428125
16450065125,,77.97230769,,77.97230769
16450065126,,79.75840979,,79.75840979
16450065127,,78.6097561,,78.6097561
16450065128,,81.25076453,,81.25076453
16450065129,,77.45337621,,77.45337621
16450065130,,79.74029851,,79.74029851
16450065131,,78.71523179,,78.71523179
16450065132,,77.51671733,,77.51671733
16450065133,,78.89614243,,78.89614243
16450065134,,79.66876972,,79.66876972
16450065135,,78.51219512,,78.51219512
16450065136,,80.29230769,,80.29230769
16450065137,,77.67692308,,77.67692308
16450065138,,79.23899371,,79.23899371
16450065139,,78.29069767,,78.29069767
16450065140,,108.7153846,,108.7153846
16450065141,,82.17437722,,82.17437722
16450065142,,78.79742765,,78.79742765
16450065143,,80.48220065,,80.48220065
16450065144,,77.92625369,,77.92625369
16450065145,,78.78787879,,78.78787879
16450065146,,79.62068966,,79.62068966
16450065147,,79.728125,,79.728125
16450065148,,78.88,,78.88
16450065149,,78.37898089,,78.37898089
16450065150,,106.2779553,,106.2779553
16450065151,,71.82352941,,71.82352941
16450065152,,71.45757576,,71.45757576
16450065153,,71.70846395,,71.70846395
16450065154,,77.98787879,,77.98787879
16450065155,,79.10365854,,79.10365854
16450065156,,79.15857605,,79.15857605
16450065157,,78.60233918,,78.60233918
16450065158,,77.91277259,,77.91277259
16450065159,,80.50788644,,80.50788644
16450065160,,77.24702381,,77.24702381
16450065161,,78.87925697,,78.87925697
16450065162,,78.50301205,,78.50301205
16450065163,,82.45276873,,82.45276873
16450065164,,79.13975155,,79.13975155
16450065165,,79.52380952,,79.52380952
16450065166,,78.86746988,,78.86746988
16450065167,,78.94135802,,78.94135802
16450065168,,79,,79
16450065169,,78.4601227,,78.4601227
16450065170,,78.66455696,,78.66455696
16450065171,,79.59214502,,79.59214502
16450065172,,79.3445122,,79.3445122
16450065173,,78.6231003,,78.6231003
16450065174,,82.00325733,,82.00325733
16450065175,,78.7120743,,78.7120743
16450065176,,78.64634146,,78.64634146
16450065177,,77.625,,77.625
16450065178,,81.18658892,,81.18658892
16450065179,,78.0310559,,78.0310559
16450065180,,79.62576687,,79.62576687
16450065181,,78.84782609,,78.84782609
16450065182,,78.37931034,,78.37931034
16450065183,,79.77230769,,79.77230769
16450065184,,79.02453988,,79.02453988
16450065185,,79.25889968,,79.25889968
16450065186,,80.96875,,80.96875
16450065187,,84.59459459,,84.59459459
16450065188,,79.04560261,,79.04560261
16450065189,,77.53846154,,77.53846154
16450065190,,78.44200627,,78.44200627
16450065191,,79.27692308,,79.27692308
16450065192,,79.13504823,,79.13504823
16450065193,,79.7652439,,79.7652439
16450065194,,78.93655589,,78.93655589
16450065195,,78.93269231,,78.93269231
16450065196,,77.09792285,,77.09792285
16450065197,,80.90909091,,80.90909091
16450065198,,79.5408805,,79.5408805
16450065199,,78.43768997,,78.43768997
16450065200,,80.0543131,,80.0543131
16450065201,,83.54375,,83.54375
16450065202,,75.22916667,,75.22916667
16450065203,,80.21864952,,80.21864952
16450065204,,78.22985075,,78.22985075
16450065205,,81.11145511,,81.11145511
16450065206,,78.75078864,,78.75078864
16450065207,,77.96352584,,77.96352584
16450065208,,80.66666667,,80.66666667
16450065209,,81.12345679,,81.12345679
16450065210,,77.37151703,,77.37151703
16450065211,,79.80733945,,79.80733945
16450065212,,79.95031056,,79.95031056
16450065213,,78.9223301,,78.9223301
16450065214,,79.11620795,,79.11620795
16450065215,,79.95356037,,79.95356037
16450065216,,79.33333333,,79.33333333
16450065217,,82.67088608,,82.67088608
16450065218,,78.78778135,,78.78778135
16450065219,,77.92058824,,77.92058824
16450065220,,77.26791277,,77.26791277
16450065221,,78.58769231,,78.58769231
16450065222,,79.19135802,,79.19135802
16450065223,,77.26409496,,77.26409496
16450065224,,80.73482428,,80.73482428
16450065225,,78.19061584,,78.19061584
16450065226,,79.48064516,,79.48064516
16450065227,,79.22712934,,79.22712934
16450065228,,79.86743516,,79.86743516
16450065229,,81.7028754,,81.7028754
16450065230,,79.28947368,,79.28947368
16450065231,,78.0755287,,78.0755287
16450065232,,77.91463415,,77.91463415
16450065233,,78.66774194,,78.66774194
16450065234,,77.78698225,,77.78698225
16450065235,,82.40186916,,82.40186916
16450065236,,78.85714286,,78.85714286
16450065237,,78.29230769,,78.29230769
16450065238,,79.128125,,79.128125
16450065239,,78.90095847,,78.90095847
16450065240,,78.79816514,,78.79816514
16450065241,,78.44984802,,78.44984802
16450065242,,79.51257862,,79.51257862
16450065243,,79.64242424,,79.64242424
16450065244,,78.49221184,,78.49221184
16450065245,,79.65644172,,79.65644172
16450065246,,79.79761905,,79.79761905
16450065247,,79.38461538,,79.38461538
16450065248,,77.03374233,,77.03374233
16450065249,,81.83018868,,81.83018868
16450065250,,78.46704871,,78.46704871
16450065251,,83.1122449,,83.1122449
16450065252,,78.62769231,,78.62769231
16450065253,,78.29467085,,78.29467085
16450065254,,77.64615385,,77.64615385
16450065255,,78.65963855,,78.65963855
16450065256,,80.68488746,,80.68488746
16450065257,,79.87460815,,79.87460815
16450065258,,79.63221884,,79.63221884
16450065259,,78.76875,,78.76875
16450065260,,78.83987915,,78.83987915
16450065261,,77.690625,,77.690625
16450065262,,83.67781155,,83.67781155
16450065263,,78.72523962,,78.72523962
16450065264,,76.07476636,,76.07476636
16450065265,,79.95705521,,79.95705521
16450065266,,78.06624606,,78.06624606
16450065267,,107.7522124,,107.7522124
16450065268,,69.60126582,,69.60126582
16450065269,,71.14984709,,71.14984709
16450065270,,71.0668693,,71.0668693
16450065271,,74.50943396,,74.50943396
16450065272,,78.778125,,78.778125
16450065273,,78.88130564,,78.88130564
16450065274,,79.12903226,,79.12903226
16450065275,,80.514377,,80.514377
16450065276,,78.72861357,,78.72861357
16450065277,,79.17230769,,79.17230769
16450065278,,79.40866873,,79.40866873
16450065279,,78.48307692,,78.48307692
16450065280,,78.496875,,78.496875
16450065281,,80.08841463,,80.08841463
16450065282,,79.8566879,,79.8566879
16450065283,,79.66153846,,79.66153846
16450065284,,79.17868339,,79.17868339
16450065285,,76.89361702,,76.89361702
16450065286,,80.68529412,,80.68529412
16450065287,,79.5,,79.5
16450065288,,78.95583596,,78.95583596
16450065289,,78.84097859,,78.84097859
16450065290,,78.609375,,78.609375
16450065291,,79.00931677,,79.00931677
16450065292,,78.96696697,,78.96696697
16450065293,,81.00647249,,81.00647249
16450065294,,78.23076923,,78.23076923
16450065295,,79.97468354,,79.97468354
16450065296,,77.63975155,,77.63975155
16450065297,,77.27743902,,77.27743902
16450065298,,85.40189873,,85.40189873
16450065299,,78.19303797,,78.19303797
16450065300,,77.90963855,,77.90963855
16450065301,,78.36335404,,78.36335404
16450065302,,79.89164087,,79.89164087
16450065303,,78.64615385,,78.64615385
16450065304,,79.55384615,,79.55384615
16450065305,,78.38343558,,78.38343558
16450065306,,80.69908815,,80.69908815
16450065307,,78.503125,,78.503125
16450065308,,79.42345277,,79.42345277
16450065309,,78.81120944,,78.81120944
16450065310,,79.72615385,,79.72615385
16450065311,,79.19935691,,79.19935691
16450065312,,78.0733945,,78.0733945
16450065313,,79.90184049,,79.90184049
16450065314,,79.75766871,,79.75766871
16450065315,,78.37003058,,78.37003058
16450065316,,79.21630094,,79.21630094
16450065317,,78.76282051,,78.76282051
16450065318,,78.71554252,,78.71554252
16450065319,,79.33544304,,79.33544304
16450065320,,78.91793313,,78.91793313
16450065321,,79.45631068,,79.45631068
16450065322,,77.32424242,,77.32424242
16450065323,,85.00311526,,85.00311526
16450065324,,77.06422018,,77.06422018
16450065325,,78.60443038,,78.60443038
16450065326,,79.04672897,,79.04672897
16450065327,,78.96296296,,78.96296296
16450065328,,79.46302251,,79.46302251
16450065329,,77.48297214,,77.48297214
16450065330,,78.47058824,,78.47058824
16450065331,,79.34650456,,79.34650456
16450065332,,77.99693252,,77.99693252
16450065333,,79.44859813,,79.44859813
16450065334,,78.10638298,,78.10638298
16450065335,,76.68888889,,76.68888889
16450065336,,79.20408163,,79.20408163
16450065337,,83.45779221,,83.45779221
16450065338,,79.16770186,,79.16770186
16450065339,,77.24382716,,77.24382716
16450065340,,80.65030675,,80.65030675
16450065341,,78.62658228,,78.62658228
16450065342,,97.5,,97.5
16450065343,,75.27164179,,75.27164179
16450065344,,73.77846154,,73.77846154
16450065345,,74.32218845,,74.32218845
16450065346,,92.09063444,,92.09063444
16450065347,,73.49185668,,73.49185668
16450065348,,75.00294118,,75.00294118
16450065349,,73.1086262,,73.1086262
16450065350,,75.42990654,,75.42990654
16450065351,,79.49541284,,79.49541284
16450065352,,79.01197605,,79.01197605
16450065353,,79.51234568,,79.51234568
16450065354,,77.58805031,,77.58805031
16450065355,,80.97805643,,80.97805643
16450065356,,79.42201835,,79.42201835
16450065357,,79.42271293,,79.42271293
16450065358,,78.70336391,,78.70336391
16450065359,,79.32802548,,79.32802548
16450065360,,76.92581602,,76.92581602
16450065361,,80.04504505,,80.04504505
16450065362,,80.30927835,,80.30927835
16450065363,,78.3148688,,78.3148688
16450065364,,78.32621951,,78.32621951
16450065365,,79.70532915,,79.70532915
16450065366,,76.72727273,,76.72727273
16450065367,,81.54231975,,81.54231975
16450065368,,79.12772586,,79.12772586
16450065369,,78.49541284,,78.49541284
16450065370,,78.1497006,,78.1497006
16450065371,,79.19808307,,79.19808307
16450065372,,78.60597015,,78.60597015
16450065373,,76.98773006,,76.98773006
16450065374,,81.13414634,,81.13414634
16450065375,,78.64814815,,78.64814815
16450065376,,79.71159875,,79.71159875
16450065377,,78.65605096,,78.65605096
16450065378,,79.33534743,,79.33534743
16450065379,,77.77846154,,77.77846154
16450065380,,78.2866242,,78.2866242
16450065381,,78.4702381,,78.4702381
16450065382,,78.55454545,,78.55454545
16450065383,,79.06472492,,79.06472492
16450065384,,78.89969605,,78.89969605
16450065385,,78.6918429,,78.6918429
16450065386,,80.25531915,,80.25531915
16450065387,,78.825,,78.825
16450065388,,78.14939024,,78.14939024
16450065389,,79.96615385,,79.96615385
16450065390,,79.853125,,79.853125
16450065391,,79.97460317,,79.97460317
16450065392,,79.52229299,,79.52229299
16450065393,,79.25892857,,79.25892857
16450065394,,79.17325228,,79.17325228
16450065395,,78.834375,,78.834375
16450065396,,78.90909091,,78.90909091
16450065397,,79.58160237,,79.58160237
16450065398,,79.03405573,,79.03405573
16450065399,,79.46319018,,79.46319018
16450065400,,79.3757764,,79.3757764
16450065401,,78.84591195,,78.84591195
16450065402,,79.26086957,,79.26086957
16450065403,,81.70627063,,81.70627063
16450065404,,78.91021672,,78.91021672
16450065405,,78.21202532,,78.21202532
16450065406,,78.66568915,,78.66568915
16450065407,,79.88235294,,79.88235294
16450065408,,80.36144578,,80.36144578
16450065409,,78.02469136,,78.02469136
16450065410,,78.24050633,,78.24050633
16450065411,,79.34036145,,79.34036145
16450065412,,77.95327103,,77.95327103
16450065413,,80.79179811,,80.79179811
16450065414,,77.73413897,,77.73413897
16450065415,,78.96036585,,78.96036585
16450065416,,79.65868263,,79.65868263
16450065417,,80.25913621,,80.25913621
16450065418,,78.15384615,,78.15384615
16450065419,,79.24923077,,79.24923077
16450065420,,78.0617284,,78.0617284
16450065421,,78.10240964,,78.10240964
16450065422,,77.9875,,77.9875
16450065423,,79.47289157,,79.47289157
16450065424,,79.07878788,,79.07878788
16450065425,,79.4,,79.4
16450065426,,78.31097561,,78.31097561
16450065427,,79.50461538,,79.50461538
16450065428,,78.85396825,,78.85396825
16450065429,,80.20192308,,80.20192308
16450065430,,79.33529412,,79.33529412
16450065431,,79.33438486,,79.33438486
16450065432,,79.24840764,,79.24840764
16450065433,,77.90962099,,77.90962099
16450065434,,80.37223975,,80.37223975
16450065435,,79.03405573,,79.03405573
16450065436,,75.55657492,,75.55657492
16450065437,,85.79256966,,85.79256966
16450065438,,80.10289389,,80.10289389
16450065439,,79.24683544,,79.24683544
16450065440,,77.59633028,,77.59633028
16450065441,,77.64583333,,77.64583333
16450065442,,78.74617737,,78.74617737
16450065443,,78.33881579,,78.33881579
16450065444,,79.22647059,,79.22647059
16450065445,,80.00917431,,80.00917431
16450065446,,78.77388535,,78.77388535
16450065447,,79.55246914,,79.55246914
16450065448,,79.44545455,,79.44545455
16450065449,,79.5704698,,79.5704698
16450065450,,77.58383234,,77.58383234
16450065451,,79.73192771,,79.73192771
16450065452,,78.87147335,,78.87147335
16450065453,,79.81424149,,79.81424149
16450065454,,77.73573574,,77.73573574
16450065455,,80.32467532,,80.32467532
16450065456,,77.93255132,,77.93255132
16450065457,,81.35913313,,81.35913313
16450065458,,79.90566038,,79.90566038
16450065459,,78.40065147,,78.40065147
16450065460,,85.04531722,,85.04531722
16450065461,,77.50819672,,77.50819672
16450065462,,78.57309942,,78.57309942
16450065463,,77.80555556,,77.80555556
16450065464,,79.45482866,,79.45482866
16450065465,,79.10932476,,79.10932476
16450065466,,80.65988372,,80.65988372
16450065467,,80.2614841,,80.2614841
16450065468,,78.45953757,,78.45953757
16450065469,,77.05900621,,77.05900621
16450065470,,82.14723926,,82.14723926
16450065471,,77.6030303,,77.6030303
16450065472,,77.83850932,,77.83850932
16450065473,,76.66564417,,76.66564417
16450065474,,82.14110429,,82.14110429
16450065475,,77.53465347,,77.53465347
16450065476,,71.63432836,81.2,72.45051195
16450065477,,62.22222222,59.36,61.95522388
16450065478,,53.74898785,54.46,53.86868687
16450065479,,46.60368664,46.9,46.65917603
16450065480,,42.60869565,44.90769231,43.2699115
16450065481,,41.31707317,34.7254902,38.78947368
16450065482,,27.95833333,27.35869565,27.62195122
16450065483,,28.5,27.54022989,27.73394495
16450065484,,24.42857143,28.53763441,28.25
16450065485,,31.25,32.36,32.30379747
16450065486,,33,26.59375,26.85
16450065487,,28,28.50588235,28.5
16450065488,,,26.46808511,26.46808511
16450065489,,,25.38541667,25.38541667
16450065490,,,25.51960784,25.51960784
16450065491,,,25.69791667,25.69791667
16450065492,,,45.48148148,45.48148148
16450065493,,,26.70103093,26.70103093
16450065494,,,24.75510204,24.75510204
16450065495,,,27.20430108,27.20430108
16450065496,,,28.08333333,28.08333333
16450065497,,,25.98795181,25.98795181
16450065498,,,27.96226415,27.96226415
16450065499,,,24.77011494,24.77011494
16450065500,,,24.89108911,24.89108911
16450065501,,,28.21348315,28.21348315
16450065502,,,30.09473684,30.09473684
16450065503,,,33.98529412,33.98529412
16450065504,,,29.90540541,29.90540541
16450065505,,,27.27368421,27.27368421
16450065506,,,27.46236559,27.46236559
16450065507,,,40.63380282,40.63380282
16450065508,,,34.65333333,34.65333333
16450065509,,,26.28378378,26.28378378
16450065510,,,29.0952381,29.0952381
16450065511,,,29.87640449,29.87640449
16450065512,,,25.95918367,25.95918367
16450065513,,,30.78205128,30.78205128
16450065514,,,26.2755102,26.2755102
16450065515,,,35.35064935,35.35064935
16450065516,,,63.47058824,63.47058824
16450065517,,,26.68421053,26.68421053
16450065518,,,27.87096774,27.87096774
16450065519,,,27.93902439,27.93902439
16450065520,,,27.50515464,27.50515464
16450065521,,,25.50515464,25.50515464
16450065522,,,28.64948454,28.64948454
16450065523,,,29.81944444,29.81944444
16450065524,,,25.40196078,25.40196078
16450065525,,,24.92929293,24.92929293
16450065526,,,27.59036145,27.59036145
16450065527,,,29.71264368,29.71264368
16450065528,,,25.52884615,25.52884615
16450065529,,,24.71,24.71
16450065530,,,30.38461538,30.38461538
16450065531,,,26.82653061,26.82653061
16450065532,,,27.17777778,27.17777778
16450065533,,,26.04,26.04
16450065534,,,33.29069767,33.29069767
16450065535,,,26.62962963,26.62962963
16450065536,,,24.38297872,24.38297872
16450065537,,,26.24752475,26.24752475
16450065538,,,26.09473684,26.09473684
16450065539,,,35.04411765,35.04411765
16450065540,,,26.48453608,26.48453608
16450065541,,,26.80851064,26.80851064
16450065542,,,38.02439024,38.02439024
16450065543,,,32.91935484,32.91935484
16450065544,,,24.86021505,24.86021505
16450065545,,,24.93203883,24.93203883
16450065546,,,28.90425532,28.90425532
16450065547,,,41.66,41.66
16450065548,,,38.75675676,38.75675676
16450065549,,,26.98876404,26.98876404
16450065550,,,27.42045455,27.42045455
16450065551,,,24.83,24.83
16450065552,,,27.63218391,27.63218391
16450065553,,,30.47169811,30.47169811
16450065554,,,33.34482759,33.34482759
16450065555,,,34.27777778,34.27777778
16450065556,,,25.9375,25.9375
16450065557,,,25.72916667,25.72916667
16450065558,,,25.70873786,25.70873786
16450065559,,,35.25287356,35.25287356
16450065560,,,26,26
16450065561,,,26.49462366,26.49462366
16450065562,,,31.98684211,31.98684211
16450065563,,,27.59550562,27.59550562
16450065564,,,28.80208333,28.80208333
16450065565,,,25.11363636,25.11363636
16450065566,,,41.15254237,41.15254237
16450065567,,,37.51315789,37.51315789
16450065568,,,36.53030303,36.53030303
16450065569,,,27.23863636,27.23863636
16450065570,,,26.12371134,26.12371134
16450065571,,,26.29347826,26.29347826
16450065572,,,25.34653465,25.34653465
16450065573,,,26.17204301,26.17204301
16450065574,,,26.18269231,26.18269231
16450065575,,,39.35135135,39.35135135
16450065576,,,28.671875,28.671875
16450065577,,,26.88349515,26.88349515
16450065578,,,26.74117647,26.74117647
16450065579,,,28.40697674,28.40697674
16450065580,,,26.49494949,26.49494949
16450065581,,,26.40625,26.40625
16450065582,,,39.94202899,39.94202899
16450065583,,,32.10958904,32.10958904
16450065584,,,28.47959184,28.47959184
16450065585,,,29.66216216,29.66216216
16450065586,,,32.31884058,32.31884058
16450065587,,,25.97029703,25.97029703
16450065588,,,32.17857143,32.17857143
16450065589,,,25.86458333,25.86458333
16450065590,,,32.21621622,32.21621622
16450065591,,,26.7826087,26.7826087
16450065592,,,25.19387755,25.19387755
16450065593,,,32.51948052,32.51948052
16450065594,,,25.52083333,25.52083333
16450065595,,,25.24242424,25.24242424
16450065596,,,25.72916667,25.72916667
16450065597,,,26.97959184,26.97959184
16450065598,,,26.98888889,26.98888889
16450065599,,,27.75,27.75
16450065600,,,26.37113402,26.37113402
16450065601,,,26.7173913,26.7173913
16450065602,,,29.43157895,29.43157895
16450065603,,,28.21917808,28.21917808
16450065604,,,35.96103896,35.96103896
16450065605,,,27.53333333,27.53333333
16450065606,,,31.64864865,31.64864865
16450065607,,,27.93406593,27.93406593
16450065608,,,25.15217391,25.15217391
16450065609,,,26.73737374,26.73737374
16450065610,,,27.03296703,27.03296703
16450065611,,,28.61052632,28.61052632
16450065612,,,26.06593407,26.06593407
16450065613,,,32,32
16450065614,,,25.61538462,25.61538462
16450065615,,,30.60714286,30.60714286
16450065616,,,25.23762376,25.23762376
16450065617,,,34.5,34.5
16450065618,,,24.13684211,24.13684211
16450065619,,,25.29292929,25.29292929
16450065620,,,24.03846154,24.03846154
16450065621,,,27.61386139,27.61386139
16450065622,,,32.51428571,32.51428571
16450065623,,,26.08695652,26.08695652
16450065624,,,25.47959184,25.47959184
16450065625,,,26.15217391,26.15217391
16450065626,,,29.05747126,29.05747126
16450065627,,,27.53535354,27.53535354
16450065628,,,36.34246575,36.34246575
16450065629,,,25.27659574,25.27659574
16450065630,,,26.04494382,26.04494382
16450065631,,,32.14285714,32.14285714
16450065632,,,27.40243902,27.40243902
16450065633,,,27.32631579,27.32631579
16450065634,,,26,26
16450065635,,,32.86585366,32.86585366
16450065636,,,27.43820225,27.43820225
16450065637,,,28.11904762,28.11904762
16450065638,,,28.4516129,28.4516129
16450065639,,,26.58947368,26.58947368
16450065640,,,25.78723404,25.78723404
16450065641,,,26.67368421,26.67368421
16450065642,,,26.22826087,26.22826087
16450065643,,,26.46938776,26.46938776
16450065644,,,26.70652174,26.70652174
16450065645,,,25.9893617,25.9893617
16450065646,,,26.49019608,26.49019608
16450065647,,,27.41666667,27.41666667
16450065648,,,25.42,25.42
16450065649,,,26.07216495,26.07216495
16450065650,,,26.01052632,26.01052632
16450065651,,,25.28865979,25.28865979
16450065652,,,26.06315789,26.06315789
16450065653,,,25.93939394,25.93939394
16450065654,,,25.81443299,25.81443299
16450065655,,,26.82608696,26.82608696
16450065656,,,25.36363636,25.36363636
16450065657,,,26.44,26.44
16450065658,,,25.33695652,25.33695652
16450065659,,,30.5308642,30.5308642
16450065660,,,31.17721519,31.17721519
16450065661,,,26.06,26.06
16450065662,,,25.71578947,25.71578947
16450065663,,,25.01020408,25.01020408
16450065664,,,27.04040404,27.04040404
16450065665,,,25.66315789,25.66315789
16450065666,,,26.18085106,26.18085106
16450065667,,,25.21212121,25.21212121
16450065668,,,25.67,25.67
16450065669,,,32.1971831,32.1971831
16450065670,,,27.60204082,27.60204082
16450065671,,,35.62121212,35.62121212
16450065672,,,27.11340206,27.11340206
16450065673,,,39.32786885,39.32786885
16450065674,,,27.42105263,27.42105263
16450065675,,,29.48148148,29.48148148
16450065676,,,26.77894737,26.77894737
16450065677,,,24.47115385,24.47115385
16450065678,,,24.90909091,24.90909091
16450065679,,,25.77,25.77
16450065680,,,25.43157895,25.43157895
16450065681,,,25.37254902,25.37254902
16450065682,,,25.05882353,25.05882353
16450065683,,,26.35555556,26.35555556
16450065684,,,25.63366337,25.63366337
16450065685,,,26.13978495,26.13978495
16450065686,,,26.1875,26.1875
16450065687,,,27.0106383,27.0106383
16450065688,,,33.65333333,33.65333333
16450065689,,,28.66292135,28.66292135
16450065690,,,26.7752809,26.7752809
16450065691,,,27.98913043,27.98913043
16450065692,,,24.86868687,24.86868687
16450065693,,,24.24752475,24.24752475
16450065694,,,24.95876289,24.95876289
16450065695,,,25.14423077,25.14423077
16450065696,,,26.22340426,26.22340426
16450065697,,,25.09574468,25.09574468
16450065698,,,25.75757576,25.75757576
16450065699,,,27.8902439,27.8902439
16450065700,,,26.50704225,26.50704225
16450065701,,,29.4137931,29.4137931
16450065702,,,25.88333333,25.88333333
16450065703,,,24.33333333,24.33333333
16450065704,,,21.8,21.8
Grand Total,30.71354167,78.86654481,28.19105,62.52915257